Keyword,Volume,Difficulty,KEI,Rank,Rank Status,Maximum Reach
animals face,68,14,330.3,Unranked,unranked,6800
animal face test,52,6,450.7,Unranked,unranked,5200
what animal do i look like,62,10,384.4,Unranked,unranked,6200
what animal do i look like filter,58,8,420.5,Unranked,unranked,5800
animal look alike,55,8,378.1,Unranked,unranked,5500
animal look alike filter,52,7,386.3,Unranked,unranked,5200
animal face shape,46,5,423.2,Unranked,unranked,4600
animal face type,45,4,506.2,Unranked,unranked,4500
cat face shape,48,6,384.0,Unranked,unranked,4800
fox face shape,42,3,588.0,Unranked,unranked,4200
deer face shape,40,2,800.0,Unranked,unranked,4000
bunny face shape,41,3,560.3,Unranked,unranked,4100
puppy face shape,43,3,616.3,Unranked,unranked,4300
filter bạn giống con gì,35,1,1225.0,Unranked,unranked,3500
filter khuôn mặt động vật,38,2,722.0,Unranked,unranked,3800
filter test khuôn mặt động vật,32,1,1024.0,Unranked,unranked,3200
animals face filter,64,12,341.3,Unranked,unranked,6400
animal face filter,62,11,349.5,Unranked,unranked,6200
animals face tiktok,55,8,378.1,Unranked,unranked,5500
animals face filter tiktok,52,7,386.3,Unranked,unranked,5200
animal face app,58,10,336.4,Unranked,unranked,5800
animal face swap,50,8,312.5,Unranked,unranked,5000
face to animal filter,45,4,506.2,Unranked,unranked,4500
feline face filter,36,2,648.0,Unranked,unranked,3600
what animal are you filter,48,5,460.8,Unranked,unranked,4800
